id,full_name,user_name,password,phone_number,login_status
ID0001,Andrew,user1,4clyalIU,6773792725,logged out
ID0002,Ava,user2,6ojRMOfD,3264409821,logged in
ID0003,Chloe,user3,GbrsstQO,5798060019,logged in
ID0004,Lila,user4,etVixogM,1768811198,logged in
ID0005,Alexander,user5,oJFGToel,0271607366,logged in
ID0006,Ella,user6,yJ0ZTkIA,1906728852,logged in
ID0007,Ella,user7,t46OOovX,9926046256,logged in
ID0008,Jacob,user8,TnaZeFYy,3339276259,logged in
ID0009,Michael,user9,n5r3yYuD,6714528369,logged in
ID0010,Elizabeth,user10,5N5d0Epv,7570182627,logged in
ID0011,Eli,user11,WtQ038qM,1454370168,logged in
ID0012,Genesis,user12,ETbka5AM,2128930213,logged in
ID0013,Ellie,user13,phG3Qk4k,0916094556,logged out
ID0014,Noah,user14,vTc0mZXa,9937776236,logged in
ID0015,Paisley,user15,P4hdGlbv,1127908153,logged in
ID0016,Jacob,user16,imdiXilq,8314160611,logged in
ID0017,Mia,user17,D4rLT40i,0699094798,logged in
ID0018,Skylar,user18,GMS3cBxD,3975518035,logged in
ID0019,Amelia,user19,hYbd2Kfw,7997929321,logged out
ID0020,Eli,user20,NfNF4Scw,0722576774,logged out
ID0021,Charlotte,user21,qvxowJdb,5787957127,logged in
ID0022,David,user22,K9M01dX1,2118307864,logged in
ID0023,Zoey,user23,aKFiKj3e,8308115153,logged in
ID0024,Bella,user24,jIwrIP2Y,6718225959,logged in
ID0025,Charles,user25,QRUAzXY9,1061565742,logged in
ID0026,Ava,user26,mpk3ybhk,0219299082,logged in
ID0027,Paisley,user27,GNQVDOmX,1351014218,logged in
ID0028,Natalie,user28,h5HtYb9F,9847151459,logged in
ID0029,Natalie,user29,8W77Eo6o,3303411219,logged in
ID0030,Emma,user30,ssbP97ax,6179568290,logged in
ID0031,Bella,user31,Pou7TZZn,2772367496,logged in
ID0032,Scarlett,user32,uizEaPEH,6287020976,logged in
ID0033,Jacob,user33,x7sN3GHP,7643544197,logged in
ID0034,Anthony,user34,SnR6s4r5,4568673368,logged in
ID0035,Madison,user35,fY94Upab,2987972384,logged out
ID0036,Savannah,user36,j9wfLYRE,9704463284,logged in
ID0037,Christian,user37,ZxHGGKT7,9599497251,logged in
ID0038,Savannah,user38,TxfdgnAn,1447284055,logged in
ID0039,Ryan,user39,uK5kOIUG,2654508636,logged in
ID0040,Emma,user40,VgiQLNHB,0818075860,logged out
ID0041,Lincoln,user41,fjBaDWff,1099747732,logged out
ID0042,Lila,user42,K7iUNfzr,0597389135,logged out
ID0043,Sophia,user43,QkVYRDbK,4424592320,logged in
ID0044,Grace,user44,QC0F0n8u,4237913420,logged in
ID0045,Wyatt,user45,KSGz2KiD,0299688925,logged out
ID0046,Sophia,user46,shKUaAzt,4755943314,logged in
ID0047,Savannah,user47,fGxzIKEG,5169723532,logged in
ID0048,Ethan,user48,UimzDvEY,1536211114,logged in
ID0049,Stella,user49,mLyhcnIU,4811625532,logged out
ID0050,Addison,user50,L2HsiMEZ,4948653011,logged in
ID0051,Zoey,user51,e6w211K4,1175209176,logged in
ID0052,Scarlett,user52,G2d60SBk,1927893667,logged in
ID0053,Liam,user53,oB9DbUdq,4331288770,logged in
ID0054,Mason,user54,i6mOybbp,3324824568,logged in
ID0055,Mia,user55,rYv1eILS,0653812949,logged in
ID0056,Sebastian,user56,Pcz2CMSD,1762238549,logged in
ID0057,Lila,user57,wIUlbs3s,8582120899,logged in
ID0058,Levi,user58,r0NL4U6g,8305718150,logged in
ID0059,Lila,user59,tX5ZyzRx,0562087543,logged in
ID0060,Penelope,user60,ZBWG7HeH,7842153850,logged in
ID0061,Addison,user61,gtU3V8xd,7398803430,logged in
ID0062,Autumn,user62,q6JfJSFN,1322500159,logged in
ID0063,Grayson,user63,OI3FXwxN,9233082982,logged in
ID0064,Ryan,user64,FlSviAJP,7097932615,logged in
ID0065,Connor,user65,SorkxkpH,9528877159,logged in
ID0066,Ezra,user66,1DWK47rI,5392045889,logged in
ID0067,William,user67,qCTM9io0,4013672986,logged in
ID0068,Zoe,user68,3aD9Hif2,8218998509,logged in
ID0069,Grayson,user69,Wvb8LRu5,3613153211,logged out
ID0070,Eleanor,user70,sv4AixVl,9505595418,logged in
ID0071,Wyatt,user71,ylS0UaUi,4841839207,logged in
ID0072,Layla,user72,3GGPzqbt,2757641921,logged in
ID0073,Zoe,user73,vDE1Oqad,1641208064,logged in
ID0074,Evelyn,user74,gXJwq2IL,4647381199,logged in
ID0075,Jackson,user75,JpbMGTZm,6545368773,logged in
ID0076,Noah,user76,TQVJI2pZ,7942480372,logged in
ID0077,David,user77,lZVsk5Vi,9626369767,logged in
ID0078,Emily,user78,uyt7l0no,0625162193,logged in
ID0079,Jacob,user79,LyctEC1t,4750715411,logged out
ID0080,Addison,user80,zDyE0kq4,0051714137,logged in
ID0081,Samuel,user81,GNeKYSia,5795167339,logged in
ID0082,Lucas,user82,Ik8tfa4Y,2208659873,logged in
ID0083,Ava,user83,h3vz1MJ2,9117701964,logged in
ID0084,Nicholas,user84,7LAeYpBJ,4969666274,logged out
ID0085,Wyatt,user85,O1tbsgrl,4888160733,logged out
ID0086,Jacob,user86,f7crmDIx,6477343400,logged in
ID0087,Scarlett,user87,ReZV0V7F,2873120101,logged in
ID0088,Lincoln,user88,8te9pIy2,0397389919,logged in
ID0089,James,user89,RnERIzP4,5639647885,logged in
ID0090,Joseph,user90,yZyAFb2c,6994281705,logged out
ID0091,Amelia,user91,fn8ZGWGu,5775811689,logged in
ID0092,Luke,user92,3DuFeDMP,9388202810,logged in
ID0093,Joseph,user93,YFvbBDMa,7599025634,logged in
ID0094,Zoe,user94,qjV7IvSb,5509157788,logged in
ID0095,Noah,user95,zOEeDzgl,8472500701,logged in
ID0096,James,user96,61ivEBbI,5193005628,logged in
ID0097,Stella,user97,ZRqgJq1u,8662973708,logged out
ID0098,Mason,user98,jvXjIojZ,3047586156,logged in
ID0099,Eleanor,user99,BJ30X4ve,0768270383,logged in
ID0100,Addison,user100,6pF9TwZi,4301883298,logged in
